[{"id_curso":2,"nombre_curso":"Algoritmos","descripcion":"Analisis y diseño de algoritmos","valor":600000,"modalidad":"virtual","intensidad":4,"estado":"disponible","inscritos":[]},{"id_curso":1,"nombre_curso":"Ingenieria de software","descripcion":"Curso de desarrollo de software","valor":400000,"modalidad":"virtual","intensidad":4,"estado":"disponible","inscritos":[]},{"id_curso":3,"nombre_curso":"Marketing","descripcion":"marketero","valor":9001,"modalidad":"virtual","intensidad":4,"estado":"no disponible","inscritos":[]},{"id_curso":5,"nombre_curso":"Física","descripcion":"Curso de fundamentos de física","valor":20000,"modalidad":"presencial","intensidad":4,"estado":"no disponible","inscritos":[]},{"id_curso":4,"nombre_curso":"Diseño Grafico","descripcion":"Curso de diseño grafico","valor":8000000,"modalidad":"presencial","intensidad":4,"estado":"disponible","inscritos":[]}]
